atamle,female,40
lmlr,male,20
lpjxb,male,30
umuvjnyt,male,60
qpwtoj,male,40
tscqa,female,30
iuhczxq,female,30
fpyj,female,80
kibsrsv,male,60
tzypw,male,50
fpoetk,female,20
rqmksxk,female,20
rmtdto,male,70
ovlzhnup,male,40
kfxbrqz,female,10
mejmvy,female,70
birdrc,male,20
wwsuzn,male,10
uyyl,male,20
ypmpppwu,male,20
bocdlbv,male,20
feuq,female,10
eopq,female,50
onwjcnv,female,70
wajm,female,80
mhva,male,60
ctula,male,50
galdlpdh,female,60
pvihkumo,female,60
xzvsns,female,80
gweapqy,female,60
eseqr,female,10
xgveq,female,60
lpdx,female,70
cwvohdq,male,50
xwrtvdwq,female,70
swiuh,female,80
hbjfdblh,male,80
dfhkj,male,10
xhxo,male,10
iplpv,female,10
ozpbnt,female,60
xwrvnl,female,10
ktlllt,male,80
vckwj,male,50
tzjk,male,50
knsm,female,10
uilao,male,80
dwoy,male,60
bfhtoa,male,40
fyoy,male,50
sbonrerz,female,20
qipwyt,male,50
grgbf,male,20
tiumm,female,20
pmif,male,40
ijydzgp,male,50
dzdwm,male,80
qnfaoes,male,10
tdjjihz,male,10
wdakc,male,60
ncmmyu,female,40
juvoci,male,40
kqjrhnxw,male,10
rtkomuif,male,30
nkhjpby,female,20
vskyez,male,30
uiucjajk,male,10
kfnmlk,female,10
ordln,male,80
uknreu,female,50
iccoif,male,80
yfpmfopt,female,20
mlbp,male,70
zvzfx,male,70
inbq,female,50
elpghn,male,10
uuiy,male,80
iiixsr,male,20
igcgdho,male,60
mmlmesb,female,30
dprdwqp,female,30
savl,female,40
mjqzdm,male,80
rkftj,male,20
eofsjij,female,80
fjuzow,male,20
curoqvxn,female,30
bhoib,female,70
hbavos,female,20
ehezjd,female,80
kqil,female,20
dtusj,female,20
zcvgvo,female,30
pmctivqu,female,50
pepen,male,10
vbuieu,male,80
xqye,female,60
lmbm,female,80
tufxim,female,50
pxjcczr,female,80
czcdl,male,20
zunby,male,30
ngmrxr,female,70
pbrhwik,female,50
jmfpxeko,female,70
mlqjoqcl,female,30
zrbbety,male,40
inctup,female,30
jusgs,male,30
ciqve,male,10
zikmt,male,80
heratad,female,50
rdqzneoy,female,50
ycgusves,female,60
igvczbn,female,20
qeti,male,30
kypfl,female,30
cgnwkoyp,female,50
lhtjg,female,80
tteqqzq,female,50
ycvrl,female,30
oeoqeba,male,80
zielp,female,40
bjnsmo,female,70
opih,female,70
ruus,female,40
rbjbgga,male,50
