ycfwd,female,50
gcvspshk,female,20
mfaxfls,male,10
pejwipp,female,20
ecdxll,male,30
anrux,female,70
kdgprh,female,60
qbxqp,male,80
uwiz,male,80
qtytn,female,20
bcrgdfnr,female,40
rucy,male,80
trwaovyt,male,10
hesqqc,female,60
nsbipx,male,40
joysae,female,20
pzmzniwx,male,70
elxldb,female,20
jfcs,female,60
fqhvdelt,female,80
tszptdjh,male,10
bkbet,male,30
krhdwpam,female,10
dkob,female,10
tahuve,male,80
vvmf,male,80
slmc,female,20
fwusaj,female,80
npgv,male,60
bzjxmmj,female,60
vzmqhvi,male,30
fuwscdvp,male,50
bngiblxq,female,20
knoauvv,male,70
ynrqyta,female,10
cmxfp,female,40
lokbdz,male,70
hfyaopv,male,80
mugdav,female,20
arnav,male,50
avxriet,female,50
tygzq,male,80
qsfda,female,60
hrsx,male,40
maoprioa,male,30
xpisnp,female,70
oqtrr,male,40
gdrjai,male,10
fncyty,female,30
dghahytz,female,50
ywcaqvdx,female,30
qobjyh,male,80
yfzgspf,male,30
akjblcfv,female,50
bsnzou,male,30
wphh,male,20
bpcbgokm,female,80
lsrtdv,male,70
hthlmsw,male,50
triclmg,female,40
atesdrqi,female,60
mxkkeuv,male,80
zpmlrbsz,female,30
hmxia,male,70
pwporik,male,40
gmftvcbv,female,50
kvejug,female,70
wetcdh,female,60
jyefzjkf,male,30
nwhmuzp,male,50
crgy,male,70
vbaeiwd,female,60
tjgqfwu,male,20
akzdj,male,80
orklbfla,female,70
jxgxsczw,male,10
ufjjrbgv,male,60
hzke,female,20
fpezs,male,20
kpglj,male,70
sjed,female,80
znlgq,female,20
uyljpr,female,60
rwenwm,female,80
fzrlmxp,female,30
osneetef,female,40
vexvz,female,10
zvzcg,male,60
quymvqhd,female,70
yggza,male,20
pcrqd,male,10
djfgl,male,40
mcrzu,male,60
ykczebgb,male,20
vvskco,female,40
humsxdqy,female,80
qgohrws,female,50
ivmz,male,60
atdclx,male,10
rhgysufl,female,10
cjbjrqb,female,70
hgpowklb,female,70
mldfivvv,male,40
jyup,male,60
wyzb,female,50
zemg,female,80
yhhelx,male,20
kmhvl,female,60
ompm,female,50
fpsit,male,40
digq,male,10
iajno,male,60
apcrufoj,female,30
dqzs,male,50
uncziz,male,20
vmrjhcx,female,50
wxzrfbfy,female,50
vmsn,female,50
fcfdt,male,50
exzjsef,female,60
xenakk,female,20
pehcfm,male,60
bynf,female,50
ugkdn,female,80
tqhpaybx,female,40
ikqk,female,30
criogw,female,70
uivk,female,60
